
                INSERT INTO permission (id, version, auth_key, auth_uris, entity, http_method, creator_id, modifier_id)
                VALUES (50101,0,'Index Resource','/v[\\d]+/resource','Resource','GET',1, 1);
                

                INSERT INTO permission (id, version, auth_key, auth_uris, entity, http_method, creator_id, modifier_id)
                VALUES (50102,0,'Create Resource','/v[\\d]+/resource','Resource','POST',1, 1);
                

                INSERT INTO permission (id, version, auth_key, auth_uris, entity, http_method, creator_id, modifier_id)
                VALUES (50103,0,'Read Resource','/v[\\d]+/resource/[\\d]+','Resource','GET',1, 1);
                

                INSERT INTO permission (id, version, auth_key, auth_uris, entity, http_method, creator_id, modifier_id)
                VALUES (50104,0,'Update Resource','/v[\\d]+/resource/[\\d]+','Resource','PUT',1, 1);
                

                INSERT INTO permission (id, version, auth_key, auth_uris, entity, http_method, creator_id, modifier_id)
                VALUES (50105,0,'Delete a Resource','/v[\\d]+/resource/[\\d]+','Resource','DELETE',1, 1);
                

                INSERT INTO permission (id, version, auth_key, auth_uris, entity, http_method, creator_id, modifier_id)
                VALUES (50106,0,'Delete all Resource','/v[\\d]+/resource/clear','Resource','DELETE',1, 1);
                

                INSERT INTO permission (id, version, auth_key, auth_uris, entity, http_method, creator_id, modifier_id)
                VALUES (50107,0,'Excel Resource','/v[\\d]+/resource/excel','Resource','GET',1, 1);
                

                INSERT INTO permission (id, version, auth_key, auth_uris, entity, http_method, creator_id, modifier_id)
                VALUES (50201,0,'Index ResourceAttachment','/v[\\d]+/resource-attachment','ResourceAttachment','GET',1, 1);
                

                INSERT INTO permission (id, version, auth_key, auth_uris, entity, http_method, creator_id, modifier_id)
                VALUES (50202,0,'Create ResourceAttachment','/v[\\d]+/resource-attachment','ResourceAttachment','POST',1, 1);
                

                INSERT INTO permission (id, version, auth_key, auth_uris, entity, http_method, creator_id, modifier_id)
                VALUES (50203,0,'Read ResourceAttachment','/v[\\d]+/resource-attachment/[\\d]+','ResourceAttachment','GET',1, 1);
                

                INSERT INTO permission (id, version, auth_key, auth_uris, entity, http_method, creator_id, modifier_id)
                VALUES (50204,0,'Update ResourceAttachment','/v[\\d]+/resource-attachment/[\\d]+','ResourceAttachment','PUT',1, 1);
                

                INSERT INTO permission (id, version, auth_key, auth_uris, entity, http_method, creator_id, modifier_id)
                VALUES (50205,0,'Delete a ResourceAttachment','/v[\\d]+/resource-attachment/[\\d]+','ResourceAttachment','DELETE',1, 1);
                

                INSERT INTO permission (id, version, auth_key, auth_uris, entity, http_method, creator_id, modifier_id)
                VALUES (50206,0,'Delete all ResourceAttachment','/v[\\d]+/resource-attachment/clear','ResourceAttachment','DELETE',1, 1);
                

                INSERT INTO permission (id, version, auth_key, auth_uris, entity, http_method, creator_id, modifier_id)
                VALUES (50207,0,'Excel ResourceAttachment','/v[\\d]+/resource-attachment/excel','ResourceAttachment','GET',1, 1);
                

                INSERT INTO permission (id, version, auth_key, auth_uris, entity, http_method, creator_id, modifier_id)
                VALUES (50301,0,'Index ResourceChoice','/v[\\d]+/resource-choice','ResourceChoice','GET',1, 1);
                

                INSERT INTO permission (id, version, auth_key, auth_uris, entity, http_method, creator_id, modifier_id)
                VALUES (50302,0,'Create ResourceChoice','/v[\\d]+/resource-choice','ResourceChoice','POST',1, 1);
                

                INSERT INTO permission (id, version, auth_key, auth_uris, entity, http_method, creator_id, modifier_id)
                VALUES (50303,0,'Read ResourceChoice','/v[\\d]+/resource-choice/[\\d]+','ResourceChoice','GET',1, 1);
                

                INSERT INTO permission (id, version, auth_key, auth_uris, entity, http_method, creator_id, modifier_id)
                VALUES (50304,0,'Update ResourceChoice','/v[\\d]+/resource-choice/[\\d]+','ResourceChoice','PUT',1, 1);
                

                INSERT INTO permission (id, version, auth_key, auth_uris, entity, http_method, creator_id, modifier_id)
                VALUES (50305,0,'Delete a ResourceChoice','/v[\\d]+/resource-choice/[\\d]+','ResourceChoice','DELETE',1, 1);
                

                INSERT INTO permission (id, version, auth_key, auth_uris, entity, http_method, creator_id, modifier_id)
                VALUES (50306,0,'Delete all ResourceChoice','/v[\\d]+/resource-choice/clear','ResourceChoice','DELETE',1, 1);
                

                INSERT INTO permission (id, version, auth_key, auth_uris, entity, http_method, creator_id, modifier_id)
                VALUES (50307,0,'Excel ResourceChoice','/v[\\d]+/resource-choice/excel','ResourceChoice','GET',1, 1);
                

                INSERT INTO permission (id, version, auth_key, auth_uris, entity, http_method, creator_id, modifier_id)
                VALUES (50401,0,'Index ResourceChoiceOption','/v[\\d]+/resource-choice-option','ResourceChoiceOption','GET',1, 1);
                

                INSERT INTO permission (id, version, auth_key, auth_uris, entity, http_method, creator_id, modifier_id)
                VALUES (50402,0,'Create ResourceChoiceOption','/v[\\d]+/resource-choice-option','ResourceChoiceOption','POST',1, 1);
                

                INSERT INTO permission (id, version, auth_key, auth_uris, entity, http_method, creator_id, modifier_id)
                VALUES (50403,0,'Read ResourceChoiceOption','/v[\\d]+/resource-choice-option/[\\d]+','ResourceChoiceOption','GET',1, 1);
                

                INSERT INTO permission (id, version, auth_key, auth_uris, entity, http_method, creator_id, modifier_id)
                VALUES (50404,0,'Update ResourceChoiceOption','/v[\\d]+/resource-choice-option/[\\d]+','ResourceChoiceOption','PUT',1, 1);
                

                INSERT INTO permission (id, version, auth_key, auth_uris, entity, http_method, creator_id, modifier_id)
                VALUES (50405,0,'Delete a ResourceChoiceOption','/v[\\d]+/resource-choice-option/[\\d]+','ResourceChoiceOption','DELETE',1, 1);
                

                INSERT INTO permission (id, version, auth_key, auth_uris, entity, http_method, creator_id, modifier_id)
                VALUES (50406,0,'Delete all ResourceChoiceOption','/v[\\d]+/resource-choice-option/clear','ResourceChoiceOption','DELETE',1, 1);
                

                INSERT INTO permission (id, version, auth_key, auth_uris, entity, http_method, creator_id, modifier_id)
                VALUES (50407,0,'Excel ResourceChoiceOption','/v[\\d]+/resource-choice-option/excel','ResourceChoiceOption','GET',1, 1);
                

                INSERT INTO permission (id, version, auth_key, auth_uris, entity, http_method, creator_id, modifier_id)
                VALUES (50501,0,'Index ResourceComponent','/v[\\d]+/resource-component','ResourceComponent','GET',1, 1);
                

                INSERT INTO permission (id, version, auth_key, auth_uris, entity, http_method, creator_id, modifier_id)
                VALUES (50502,0,'Create ResourceComponent','/v[\\d]+/resource-component','ResourceComponent','POST',1, 1);
                

                INSERT INTO permission (id, version, auth_key, auth_uris, entity, http_method, creator_id, modifier_id)
                VALUES (50503,0,'Read ResourceComponent','/v[\\d]+/resource-component/[\\d]+','ResourceComponent','GET',1, 1);
                

                INSERT INTO permission (id, version, auth_key, auth_uris, entity, http_method, creator_id, modifier_id)
                VALUES (50504,0,'Update ResourceComponent','/v[\\d]+/resource-component/[\\d]+','ResourceComponent','PUT',1, 1);
                

                INSERT INTO permission (id, version, auth_key, auth_uris, entity, http_method, creator_id, modifier_id)
                VALUES (50505,0,'Delete a ResourceComponent','/v[\\d]+/resource-component/[\\d]+','ResourceComponent','DELETE',1, 1);
                

                INSERT INTO permission (id, version, auth_key, auth_uris, entity, http_method, creator_id, modifier_id)
                VALUES (50506,0,'Delete all ResourceComponent','/v[\\d]+/resource-component/clear','ResourceComponent','DELETE',1, 1);
                

                INSERT INTO permission (id, version, auth_key, auth_uris, entity, http_method, creator_id, modifier_id)
                VALUES (50507,0,'Excel ResourceComponent','/v[\\d]+/resource-component/excel','ResourceComponent','GET',1, 1);
                

                INSERT INTO permission (id, version, auth_key, auth_uris, entity, http_method, creator_id, modifier_id)
                VALUES (50601,0,'Index ResourceInput','/v[\\d]+/resource-input','ResourceInput','GET',1, 1);
                

                INSERT INTO permission (id, version, auth_key, auth_uris, entity, http_method, creator_id, modifier_id)
                VALUES (50602,0,'Create ResourceInput','/v[\\d]+/resource-input','ResourceInput','POST',1, 1);
                

                INSERT INTO permission (id, version, auth_key, auth_uris, entity, http_method, creator_id, modifier_id)
                VALUES (50603,0,'Read ResourceInput','/v[\\d]+/resource-input/[\\d]+','ResourceInput','GET',1, 1);
                

                INSERT INTO permission (id, version, auth_key, auth_uris, entity, http_method, creator_id, modifier_id)
                VALUES (50604,0,'Update ResourceInput','/v[\\d]+/resource-input/[\\d]+','ResourceInput','PUT',1, 1);
                

                INSERT INTO permission (id, version, auth_key, auth_uris, entity, http_method, creator_id, modifier_id)
                VALUES (50605,0,'Delete a ResourceInput','/v[\\d]+/resource-input/[\\d]+','ResourceInput','DELETE',1, 1);
                

                INSERT INTO permission (id, version, auth_key, auth_uris, entity, http_method, creator_id, modifier_id)
                VALUES (50606,0,'Delete all ResourceInput','/v[\\d]+/resource-input/clear','ResourceInput','DELETE',1, 1);
                

                INSERT INTO permission (id, version, auth_key, auth_uris, entity, http_method, creator_id, modifier_id)
                VALUES (50607,0,'Excel ResourceInput','/v[\\d]+/resource-input/excel','ResourceInput','GET',1, 1);
                

                INSERT INTO permission (id, version, auth_key, auth_uris, entity, http_method, creator_id, modifier_id)
                VALUES (50701,0,'Index ResourceLink','/v[\\d]+/resource-link','ResourceLink','GET',1, 1);
                

                INSERT INTO permission (id, version, auth_key, auth_uris, entity, http_method, creator_id, modifier_id)
                VALUES (50702,0,'Create ResourceLink','/v[\\d]+/resource-link','ResourceLink','POST',1, 1);
                

                INSERT INTO permission (id, version, auth_key, auth_uris, entity, http_method, creator_id, modifier_id)
                VALUES (50703,0,'Read ResourceLink','/v[\\d]+/resource-link/[\\d]+','ResourceLink','GET',1, 1);
                

                INSERT INTO permission (id, version, auth_key, auth_uris, entity, http_method, creator_id, modifier_id)
                VALUES (50704,0,'Update ResourceLink','/v[\\d]+/resource-link/[\\d]+','ResourceLink','PUT',1, 1);
                

                INSERT INTO permission (id, version, auth_key, auth_uris, entity, http_method, creator_id, modifier_id)
                VALUES (50705,0,'Delete a ResourceLink','/v[\\d]+/resource-link/[\\d]+','ResourceLink','DELETE',1, 1);
                

                INSERT INTO permission (id, version, auth_key, auth_uris, entity, http_method, creator_id, modifier_id)
                VALUES (50706,0,'Delete all ResourceLink','/v[\\d]+/resource-link/clear','ResourceLink','DELETE',1, 1);
                

                INSERT INTO permission (id, version, auth_key, auth_uris, entity, http_method, creator_id, modifier_id)
                VALUES (50707,0,'Excel ResourceLink','/v[\\d]+/resource-link/excel','ResourceLink','GET',1, 1);
                

                INSERT INTO permission (id, version, auth_key, auth_uris, entity, http_method, creator_id, modifier_id)
                VALUES (50801,0,'Index ResourceRichText','/v[\\d]+/resource-rich-text','ResourceRichText','GET',1, 1);
                

                INSERT INTO permission (id, version, auth_key, auth_uris, entity, http_method, creator_id, modifier_id)
                VALUES (50802,0,'Create ResourceRichText','/v[\\d]+/resource-rich-text','ResourceRichText','POST',1, 1);
                

                INSERT INTO permission (id, version, auth_key, auth_uris, entity, http_method, creator_id, modifier_id)
                VALUES (50803,0,'Read ResourceRichText','/v[\\d]+/resource-rich-text/[\\d]+','ResourceRichText','GET',1, 1);
                

                INSERT INTO permission (id, version, auth_key, auth_uris, entity, http_method, creator_id, modifier_id)
                VALUES (50804,0,'Update ResourceRichText','/v[\\d]+/resource-rich-text/[\\d]+','ResourceRichText','PUT',1, 1);
                

                INSERT INTO permission (id, version, auth_key, auth_uris, entity, http_method, creator_id, modifier_id)
                VALUES (50805,0,'Delete a ResourceRichText','/v[\\d]+/resource-rich-text/[\\d]+','ResourceRichText','DELETE',1, 1);
                

                INSERT INTO permission (id, version, auth_key, auth_uris, entity, http_method, creator_id, modifier_id)
                VALUES (50806,0,'Delete all ResourceRichText','/v[\\d]+/resource-rich-text/clear','ResourceRichText','DELETE',1, 1);
                

                INSERT INTO permission (id, version, auth_key, auth_uris, entity, http_method, creator_id, modifier_id)
                VALUES (50807,0,'Excel ResourceRichText','/v[\\d]+/resource-rich-text/excel','ResourceRichText','GET',1, 1);
                

                INSERT INTO permission (id, version, auth_key, auth_uris, entity, http_method, creator_id, modifier_id)
                VALUES (50901,0,'Index ResourceSelect','/v[\\d]+/resource-select','ResourceSelect','GET',1, 1);
                

                INSERT INTO permission (id, version, auth_key, auth_uris, entity, http_method, creator_id, modifier_id)
                VALUES (50902,0,'Create ResourceSelect','/v[\\d]+/resource-select','ResourceSelect','POST',1, 1);
                

                INSERT INTO permission (id, version, auth_key, auth_uris, entity, http_method, creator_id, modifier_id)
                VALUES (50903,0,'Read ResourceSelect','/v[\\d]+/resource-select/[\\d]+','ResourceSelect','GET',1, 1);
                

                INSERT INTO permission (id, version, auth_key, auth_uris, entity, http_method, creator_id, modifier_id)
                VALUES (50904,0,'Update ResourceSelect','/v[\\d]+/resource-select/[\\d]+','ResourceSelect','PUT',1, 1);
                

                INSERT INTO permission (id, version, auth_key, auth_uris, entity, http_method, creator_id, modifier_id)
                VALUES (50905,0,'Delete a ResourceSelect','/v[\\d]+/resource-select/[\\d]+','ResourceSelect','DELETE',1, 1);
                

                INSERT INTO permission (id, version, auth_key, auth_uris, entity, http_method, creator_id, modifier_id)
                VALUES (50906,0,'Delete all ResourceSelect','/v[\\d]+/resource-select/clear','ResourceSelect','DELETE',1, 1);
                

                INSERT INTO permission (id, version, auth_key, auth_uris, entity, http_method, creator_id, modifier_id)
                VALUES (50907,0,'Excel ResourceSelect','/v[\\d]+/resource-select/excel','ResourceSelect','GET',1, 1);
                

                INSERT INTO permission (id, version, auth_key, auth_uris, entity, http_method, creator_id, modifier_id)
                VALUES (51001,0,'Index ResourceTemplate','/v[\\d]+/resource-template','ResourceTemplate','GET',1, 1);
                

                INSERT INTO permission (id, version, auth_key, auth_uris, entity, http_method, creator_id, modifier_id)
                VALUES (51002,0,'Create ResourceTemplate','/v[\\d]+/resource-template','ResourceTemplate','POST',1, 1);
                

                INSERT INTO permission (id, version, auth_key, auth_uris, entity, http_method, creator_id, modifier_id)
                VALUES (51003,0,'Read ResourceTemplate','/v[\\d]+/resource-template/[\\d]+','ResourceTemplate','GET',1, 1);
                

                INSERT INTO permission (id, version, auth_key, auth_uris, entity, http_method, creator_id, modifier_id)
                VALUES (51004,0,'Update ResourceTemplate','/v[\\d]+/resource-template/[\\d]+','ResourceTemplate','PUT',1, 1);
                

                INSERT INTO permission (id, version, auth_key, auth_uris, entity, http_method, creator_id, modifier_id)
                VALUES (51005,0,'Delete a ResourceTemplate','/v[\\d]+/resource-template/[\\d]+','ResourceTemplate','DELETE',1, 1);
                

                INSERT INTO permission (id, version, auth_key, auth_uris, entity, http_method, creator_id, modifier_id)
                VALUES (51006,0,'Delete all ResourceTemplate','/v[\\d]+/resource-template/clear','ResourceTemplate','DELETE',1, 1);
                

                INSERT INTO permission (id, version, auth_key, auth_uris, entity, http_method, creator_id, modifier_id)
                VALUES (51007,0,'Excel ResourceTemplate','/v[\\d]+/resource-template/excel','ResourceTemplate','GET',1, 1);
                

                INSERT INTO permission (id, version, auth_key, auth_uris, entity, http_method, creator_id, modifier_id)
                VALUES (51101,0,'Index ResourceTextarea','/v[\\d]+/resource-textarea','ResourceTextarea','GET',1, 1);
                

                INSERT INTO permission (id, version, auth_key, auth_uris, entity, http_method, creator_id, modifier_id)
                VALUES (51102,0,'Create ResourceTextarea','/v[\\d]+/resource-textarea','ResourceTextarea','POST',1, 1);
                

                INSERT INTO permission (id, version, auth_key, auth_uris, entity, http_method, creator_id, modifier_id)
                VALUES (51103,0,'Read ResourceTextarea','/v[\\d]+/resource-textarea/[\\d]+','ResourceTextarea','GET',1, 1);
                

                INSERT INTO permission (id, version, auth_key, auth_uris, entity, http_method, creator_id, modifier_id)
                VALUES (51104,0,'Update ResourceTextarea','/v[\\d]+/resource-textarea/[\\d]+','ResourceTextarea','PUT',1, 1);
                

                INSERT INTO permission (id, version, auth_key, auth_uris, entity, http_method, creator_id, modifier_id)
                VALUES (51105,0,'Delete a ResourceTextarea','/v[\\d]+/resource-textarea/[\\d]+','ResourceTextarea','DELETE',1, 1);
                

                INSERT INTO permission (id, version, auth_key, auth_uris, entity, http_method, creator_id, modifier_id)
                VALUES (51106,0,'Delete all ResourceTextarea','/v[\\d]+/resource-textarea/clear','ResourceTextarea','DELETE',1, 1);
                

                INSERT INTO permission (id, version, auth_key, auth_uris, entity, http_method, creator_id, modifier_id)
                VALUES (51107,0,'Excel ResourceTextarea','/v[\\d]+/resource-textarea/excel','ResourceTextarea','GET',1, 1);
                



INSERT INTO role_permission (id, version, creator_id, modifier_id, permission_id, role_id)
VALUES (150101, 0, 1, 1, 50101, 1);
INSERT INTO role_permission (id, version, creator_id, modifier_id, permission_id, role_id)
VALUES (150102, 0, 1, 1, 50102, 1);
INSERT INTO role_permission (id, version, creator_id, modifier_id, permission_id, role_id)
VALUES (150103, 0, 1, 1, 50103, 1);
INSERT INTO role_permission (id, version, creator_id, modifier_id, permission_id, role_id)
VALUES (150104, 0, 1, 1, 50104, 1);
INSERT INTO role_permission (id, version, creator_id, modifier_id, permission_id, role_id)
VALUES (150105, 0, 1, 1, 50105, 1);
INSERT INTO role_permission (id, version, creator_id, modifier_id, permission_id, role_id)
VALUES (150106, 0, 1, 1, 50106, 1);
INSERT INTO role_permission (id, version, creator_id, modifier_id, permission_id, role_id)
VALUES (150107, 0, 1, 1, 50107, 1);
INSERT INTO role_permission (id, version, creator_id, modifier_id, permission_id, role_id)
VALUES (250101, 0, 1, 1, 50101, 2);
INSERT INTO role_permission (id, version, creator_id, modifier_id, permission_id, role_id)
VALUES (250102, 0, 1, 1, 50102, 2);
INSERT INTO role_permission (id, version, creator_id, modifier_id, permission_id, role_id)
VALUES (250103, 0, 1, 1, 50103, 2);
INSERT INTO role_permission (id, version, creator_id, modifier_id, permission_id, role_id)
VALUES (250104, 0, 1, 1, 50104, 2);
INSERT INTO role_permission (id, version, creator_id, modifier_id, permission_id, role_id)
VALUES (250105, 0, 1, 1, 50105, 2);
INSERT INTO role_permission (id, version, creator_id, modifier_id, permission_id, role_id)
VALUES (250106, 0, 1, 1, 50106, 2);
INSERT INTO role_permission (id, version, creator_id, modifier_id, permission_id, role_id)
VALUES (250107, 0, 1, 1, 50107, 2);
INSERT INTO role_permission (id, version, creator_id, modifier_id, permission_id, role_id)
VALUES (350101, 0, 1, 1, 50101, 3);
INSERT INTO role_permission (id, version, creator_id, modifier_id, permission_id, role_id)
VALUES (350102, 0, 1, 1, 50102, 3);
INSERT INTO role_permission (id, version, creator_id, modifier_id, permission_id, role_id)
VALUES (350103, 0, 1, 1, 50103, 3);
INSERT INTO role_permission (id, version, creator_id, modifier_id, permission_id, role_id)
VALUES (350104, 0, 1, 1, 50104, 3);
INSERT INTO role_permission (id, version, creator_id, modifier_id, permission_id, role_id)
VALUES (350105, 0, 1, 1, 50105, 3);
INSERT INTO role_permission (id, version, creator_id, modifier_id, permission_id, role_id)
VALUES (350106, 0, 1, 1, 50106, 3);
INSERT INTO role_permission (id, version, creator_id, modifier_id, permission_id, role_id)
VALUES (350107, 0, 1, 1, 50107, 3);
INSERT INTO role_permission (id, version, creator_id, modifier_id, permission_id, role_id)
VALUES (450101, 0, 1, 1, 50101, 4);
INSERT INTO role_permission (id, version, creator_id, modifier_id, permission_id, role_id)
VALUES (450102, 0, 1, 1, 50102, 4);
INSERT INTO role_permission (id, version, creator_id, modifier_id, permission_id, role_id)
VALUES (450103, 0, 1, 1, 50103, 4);
INSERT INTO role_permission (id, version, creator_id, modifier_id, permission_id, role_id)
VALUES (450104, 0, 1, 1, 50104, 4);
INSERT INTO role_permission (id, version, creator_id, modifier_id, permission_id, role_id)
VALUES (450105, 0, 1, 1, 50105, 4);
INSERT INTO role_permission (id, version, creator_id, modifier_id, permission_id, role_id)
VALUES (450106, 0, 1, 1, 50106, 4);
INSERT INTO role_permission (id, version, creator_id, modifier_id, permission_id, role_id)
VALUES (450107, 0, 1, 1, 50107, 4);
INSERT INTO role_permission (id, version, creator_id, modifier_id, permission_id, role_id)
VALUES (150201, 0, 1, 1, 50201, 1);
INSERT INTO role_permission (id, version, creator_id, modifier_id, permission_id, role_id)
VALUES (150202, 0, 1, 1, 50202, 1);
INSERT INTO role_permission (id, version, creator_id, modifier_id, permission_id, role_id)
VALUES (150203, 0, 1, 1, 50203, 1);
INSERT INTO role_permission (id, version, creator_id, modifier_id, permission_id, role_id)
VALUES (150204, 0, 1, 1, 50204, 1);
INSERT INTO role_permission (id, version, creator_id, modifier_id, permission_id, role_id)
VALUES (150205, 0, 1, 1, 50205, 1);
INSERT INTO role_permission (id, version, creator_id, modifier_id, permission_id, role_id)
VALUES (150206, 0, 1, 1, 50206, 1);
INSERT INTO role_permission (id, version, creator_id, modifier_id, permission_id, role_id)
VALUES (150207, 0, 1, 1, 50207, 1);
INSERT INTO role_permission (id, version, creator_id, modifier_id, permission_id, role_id)
VALUES (250201, 0, 1, 1, 50201, 2);
INSERT INTO role_permission (id, version, creator_id, modifier_id, permission_id, role_id)
VALUES (250202, 0, 1, 1, 50202, 2);
INSERT INTO role_permission (id, version, creator_id, modifier_id, permission_id, role_id)
VALUES (250203, 0, 1, 1, 50203, 2);
INSERT INTO role_permission (id, version, creator_id, modifier_id, permission_id, role_id)
VALUES (250204, 0, 1, 1, 50204, 2);
INSERT INTO role_permission (id, version, creator_id, modifier_id, permission_id, role_id)
VALUES (250205, 0, 1, 1, 50205, 2);
INSERT INTO role_permission (id, version, creator_id, modifier_id, permission_id, role_id)
VALUES (250206, 0, 1, 1, 50206, 2);
INSERT INTO role_permission (id, version, creator_id, modifier_id, permission_id, role_id)
VALUES (250207, 0, 1, 1, 50207, 2);
INSERT INTO role_permission (id, version, creator_id, modifier_id, permission_id, role_id)
VALUES (350201, 0, 1, 1, 50201, 3);
INSERT INTO role_permission (id, version, creator_id, modifier_id, permission_id, role_id)
VALUES (350202, 0, 1, 1, 50202, 3);
INSERT INTO role_permission (id, version, creator_id, modifier_id, permission_id, role_id)
VALUES (350203, 0, 1, 1, 50203, 3);
INSERT INTO role_permission (id, version, creator_id, modifier_id, permission_id, role_id)
VALUES (350204, 0, 1, 1, 50204, 3);
INSERT INTO role_permission (id, version, creator_id, modifier_id, permission_id, role_id)
VALUES (350205, 0, 1, 1, 50205, 3);
INSERT INTO role_permission (id, version, creator_id, modifier_id, permission_id, role_id)
VALUES (350206, 0, 1, 1, 50206, 3);
INSERT INTO role_permission (id, version, creator_id, modifier_id, permission_id, role_id)
VALUES (350207, 0, 1, 1, 50207, 3);
INSERT INTO role_permission (id, version, creator_id, modifier_id, permission_id, role_id)
VALUES (450201, 0, 1, 1, 50201, 4);
INSERT INTO role_permission (id, version, creator_id, modifier_id, permission_id, role_id)
VALUES (450202, 0, 1, 1, 50202, 4);
INSERT INTO role_permission (id, version, creator_id, modifier_id, permission_id, role_id)
VALUES (450203, 0, 1, 1, 50203, 4);
INSERT INTO role_permission (id, version, creator_id, modifier_id, permission_id, role_id)
VALUES (450204, 0, 1, 1, 50204, 4);
INSERT INTO role_permission (id, version, creator_id, modifier_id, permission_id, role_id)
VALUES (450205, 0, 1, 1, 50205, 4);
INSERT INTO role_permission (id, version, creator_id, modifier_id, permission_id, role_id)
VALUES (450206, 0, 1, 1, 50206, 4);
INSERT INTO role_permission (id, version, creator_id, modifier_id, permission_id, role_id)
VALUES (450207, 0, 1, 1, 50207, 4);
INSERT INTO role_permission (id, version, creator_id, modifier_id, permission_id, role_id)
VALUES (150301, 0, 1, 1, 50301, 1);
INSERT INTO role_permission (id, version, creator_id, modifier_id, permission_id, role_id)
VALUES (150302, 0, 1, 1, 50302, 1);
INSERT INTO role_permission (id, version, creator_id, modifier_id, permission_id, role_id)
VALUES (150303, 0, 1, 1, 50303, 1);
INSERT INTO role_permission (id, version, creator_id, modifier_id, permission_id, role_id)
VALUES (150304, 0, 1, 1, 50304, 1);
INSERT INTO role_permission (id, version, creator_id, modifier_id, permission_id, role_id)
VALUES (150305, 0, 1, 1, 50305, 1);
INSERT INTO role_permission (id, version, creator_id, modifier_id, permission_id, role_id)
VALUES (150306, 0, 1, 1, 50306, 1);
INSERT INTO role_permission (id, version, creator_id, modifier_id, permission_id, role_id)
VALUES (150307, 0, 1, 1, 50307, 1);
INSERT INTO role_permission (id, version, creator_id, modifier_id, permission_id, role_id)
VALUES (250301, 0, 1, 1, 50301, 2);
INSERT INTO role_permission (id, version, creator_id, modifier_id, permission_id, role_id)
VALUES (250302, 0, 1, 1, 50302, 2);
INSERT INTO role_permission (id, version, creator_id, modifier_id, permission_id, role_id)
VALUES (250303, 0, 1, 1, 50303, 2);
INSERT INTO role_permission (id, version, creator_id, modifier_id, permission_id, role_id)
VALUES (250304, 0, 1, 1, 50304, 2);
INSERT INTO role_permission (id, version, creator_id, modifier_id, permission_id, role_id)
VALUES (250305, 0, 1, 1, 50305, 2);
INSERT INTO role_permission (id, version, creator_id, modifier_id, permission_id, role_id)
VALUES (250306, 0, 1, 1, 50306, 2);
INSERT INTO role_permission (id, version, creator_id, modifier_id, permission_id, role_id)
VALUES (250307, 0, 1, 1, 50307, 2);
INSERT INTO role_permission (id, version, creator_id, modifier_id, permission_id, role_id)
VALUES (350301, 0, 1, 1, 50301, 3);
INSERT INTO role_permission (id, version, creator_id, modifier_id, permission_id, role_id)
VALUES (350302, 0, 1, 1, 50302, 3);
INSERT INTO role_permission (id, version, creator_id, modifier_id, permission_id, role_id)
VALUES (350303, 0, 1, 1, 50303, 3);
INSERT INTO role_permission (id, version, creator_id, modifier_id, permission_id, role_id)
VALUES (350304, 0, 1, 1, 50304, 3);
INSERT INTO role_permission (id, version, creator_id, modifier_id, permission_id, role_id)
VALUES (350305, 0, 1, 1, 50305, 3);
INSERT INTO role_permission (id, version, creator_id, modifier_id, permission_id, role_id)
VALUES (350306, 0, 1, 1, 50306, 3);
INSERT INTO role_permission (id, version, creator_id, modifier_id, permission_id, role_id)
VALUES (350307, 0, 1, 1, 50307, 3);
INSERT INTO role_permission (id, version, creator_id, modifier_id, permission_id, role_id)
VALUES (450301, 0, 1, 1, 50301, 4);
INSERT INTO role_permission (id, version, creator_id, modifier_id, permission_id, role_id)
VALUES (450302, 0, 1, 1, 50302, 4);
INSERT INTO role_permission (id, version, creator_id, modifier_id, permission_id, role_id)
VALUES (450303, 0, 1, 1, 50303, 4);
INSERT INTO role_permission (id, version, creator_id, modifier_id, permission_id, role_id)
VALUES (450304, 0, 1, 1, 50304, 4);
INSERT INTO role_permission (id, version, creator_id, modifier_id, permission_id, role_id)
VALUES (450305, 0, 1, 1, 50305, 4);
INSERT INTO role_permission (id, version, creator_id, modifier_id, permission_id, role_id)
VALUES (450306, 0, 1, 1, 50306, 4);
INSERT INTO role_permission (id, version, creator_id, modifier_id, permission_id, role_id)
VALUES (450307, 0, 1, 1, 50307, 4);
INSERT INTO role_permission (id, version, creator_id, modifier_id, permission_id, role_id)
VALUES (150401, 0, 1, 1, 50401, 1);
INSERT INTO role_permission (id, version, creator_id, modifier_id, permission_id, role_id)
VALUES (150402, 0, 1, 1, 50402, 1);
INSERT INTO role_permission (id, version, creator_id, modifier_id, permission_id, role_id)
VALUES (150403, 0, 1, 1, 50403, 1);
INSERT INTO role_permission (id, version, creator_id, modifier_id, permission_id, role_id)
VALUES (150404, 0, 1, 1, 50404, 1);
INSERT INTO role_permission (id, version, creator_id, modifier_id, permission_id, role_id)
VALUES (150405, 0, 1, 1, 50405, 1);
INSERT INTO role_permission (id, version, creator_id, modifier_id, permission_id, role_id)
VALUES (150406, 0, 1, 1, 50406, 1);
INSERT INTO role_permission (id, version, creator_id, modifier_id, permission_id, role_id)
VALUES (150407, 0, 1, 1, 50407, 1);
INSERT INTO role_permission (id, version, creator_id, modifier_id, permission_id, role_id)
VALUES (250401, 0, 1, 1, 50401, 2);
INSERT INTO role_permission (id, version, creator_id, modifier_id, permission_id, role_id)
VALUES (250402, 0, 1, 1, 50402, 2);
INSERT INTO role_permission (id, version, creator_id, modifier_id, permission_id, role_id)
VALUES (250403, 0, 1, 1, 50403, 2);
INSERT INTO role_permission (id, version, creator_id, modifier_id, permission_id, role_id)
VALUES (250404, 0, 1, 1, 50404, 2);
INSERT INTO role_permission (id, version, creator_id, modifier_id, permission_id, role_id)
VALUES (250405, 0, 1, 1, 50405, 2);
INSERT INTO role_permission (id, version, creator_id, modifier_id, permission_id, role_id)
VALUES (250406, 0, 1, 1, 50406, 2);
INSERT INTO role_permission (id, version, creator_id, modifier_id, permission_id, role_id)
VALUES (250407, 0, 1, 1, 50407, 2);
INSERT INTO role_permission (id, version, creator_id, modifier_id, permission_id, role_id)
VALUES (350401, 0, 1, 1, 50401, 3);
INSERT INTO role_permission (id, version, creator_id, modifier_id, permission_id, role_id)
VALUES (350402, 0, 1, 1, 50402, 3);
INSERT INTO role_permission (id, version, creator_id, modifier_id, permission_id, role_id)
VALUES (350403, 0, 1, 1, 50403, 3);
INSERT INTO role_permission (id, version, creator_id, modifier_id, permission_id, role_id)
VALUES (350404, 0, 1, 1, 50404, 3);
INSERT INTO role_permission (id, version, creator_id, modifier_id, permission_id, role_id)
VALUES (350405, 0, 1, 1, 50405, 3);
INSERT INTO role_permission (id, version, creator_id, modifier_id, permission_id, role_id)
VALUES (350406, 0, 1, 1, 50406, 3);
INSERT INTO role_permission (id, version, creator_id, modifier_id, permission_id, role_id)
VALUES (350407, 0, 1, 1, 50407, 3);
INSERT INTO role_permission (id, version, creator_id, modifier_id, permission_id, role_id)
VALUES (450401, 0, 1, 1, 50401, 4);
INSERT INTO role_permission (id, version, creator_id, modifier_id, permission_id, role_id)
VALUES (450402, 0, 1, 1, 50402, 4);
INSERT INTO role_permission (id, version, creator_id, modifier_id, permission_id, role_id)
VALUES (450403, 0, 1, 1, 50403, 4);
INSERT INTO role_permission (id, version, creator_id, modifier_id, permission_id, role_id)
VALUES (450404, 0, 1, 1, 50404, 4);
INSERT INTO role_permission (id, version, creator_id, modifier_id, permission_id, role_id)
VALUES (450405, 0, 1, 1, 50405, 4);
INSERT INTO role_permission (id, version, creator_id, modifier_id, permission_id, role_id)
VALUES (450406, 0, 1, 1, 50406, 4);
INSERT INTO role_permission (id, version, creator_id, modifier_id, permission_id, role_id)
VALUES (450407, 0, 1, 1, 50407, 4);
INSERT INTO role_permission (id, version, creator_id, modifier_id, permission_id, role_id)
VALUES (150501, 0, 1, 1, 50501, 1);
INSERT INTO role_permission (id, version, creator_id, modifier_id, permission_id, role_id)
VALUES (150502, 0, 1, 1, 50502, 1);
INSERT INTO role_permission (id, version, creator_id, modifier_id, permission_id, role_id)
VALUES (150503, 0, 1, 1, 50503, 1);
INSERT INTO role_permission (id, version, creator_id, modifier_id, permission_id, role_id)
VALUES (150504, 0, 1, 1, 50504, 1);
INSERT INTO role_permission (id, version, creator_id, modifier_id, permission_id, role_id)
VALUES (150505, 0, 1, 1, 50505, 1);
INSERT INTO role_permission (id, version, creator_id, modifier_id, permission_id, role_id)
VALUES (150506, 0, 1, 1, 50506, 1);
INSERT INTO role_permission (id, version, creator_id, modifier_id, permission_id, role_id)
VALUES (150507, 0, 1, 1, 50507, 1);
INSERT INTO role_permission (id, version, creator_id, modifier_id, permission_id, role_id)
VALUES (250501, 0, 1, 1, 50501, 2);
INSERT INTO role_permission (id, version, creator_id, modifier_id, permission_id, role_id)
VALUES (250502, 0, 1, 1, 50502, 2);
INSERT INTO role_permission (id, version, creator_id, modifier_id, permission_id, role_id)
VALUES (250503, 0, 1, 1, 50503, 2);
INSERT INTO role_permission (id, version, creator_id, modifier_id, permission_id, role_id)
VALUES (250504, 0, 1, 1, 50504, 2);
INSERT INTO role_permission (id, version, creator_id, modifier_id, permission_id, role_id)
VALUES (250505, 0, 1, 1, 50505, 2);
INSERT INTO role_permission (id, version, creator_id, modifier_id, permission_id, role_id)
VALUES (250506, 0, 1, 1, 50506, 2);
INSERT INTO role_permission (id, version, creator_id, modifier_id, permission_id, role_id)
VALUES (250507, 0, 1, 1, 50507, 2);
INSERT INTO role_permission (id, version, creator_id, modifier_id, permission_id, role_id)
VALUES (350501, 0, 1, 1, 50501, 3);
INSERT INTO role_permission (id, version, creator_id, modifier_id, permission_id, role_id)
VALUES (350502, 0, 1, 1, 50502, 3);
INSERT INTO role_permission (id, version, creator_id, modifier_id, permission_id, role_id)
VALUES (350503, 0, 1, 1, 50503, 3);
INSERT INTO role_permission (id, version, creator_id, modifier_id, permission_id, role_id)
VALUES (350504, 0, 1, 1, 50504, 3);
INSERT INTO role_permission (id, version, creator_id, modifier_id, permission_id, role_id)
VALUES (350505, 0, 1, 1, 50505, 3);
INSERT INTO role_permission (id, version, creator_id, modifier_id, permission_id, role_id)
VALUES (350506, 0, 1, 1, 50506, 3);
INSERT INTO role_permission (id, version, creator_id, modifier_id, permission_id, role_id)
VALUES (350507, 0, 1, 1, 50507, 3);
INSERT INTO role_permission (id, version, creator_id, modifier_id, permission_id, role_id)
VALUES (450501, 0, 1, 1, 50501, 4);
INSERT INTO role_permission (id, version, creator_id, modifier_id, permission_id, role_id)
VALUES (450502, 0, 1, 1, 50502, 4);
INSERT INTO role_permission (id, version, creator_id, modifier_id, permission_id, role_id)
VALUES (450503, 0, 1, 1, 50503, 4);
INSERT INTO role_permission (id, version, creator_id, modifier_id, permission_id, role_id)
VALUES (450504, 0, 1, 1, 50504, 4);
INSERT INTO role_permission (id, version, creator_id, modifier_id, permission_id, role_id)
VALUES (450505, 0, 1, 1, 50505, 4);
INSERT INTO role_permission (id, version, creator_id, modifier_id, permission_id, role_id)
VALUES (450506, 0, 1, 1, 50506, 4);
INSERT INTO role_permission (id, version, creator_id, modifier_id, permission_id, role_id)
VALUES (450507, 0, 1, 1, 50507, 4);
INSERT INTO role_permission (id, version, creator_id, modifier_id, permission_id, role_id)
VALUES (150601, 0, 1, 1, 50601, 1);
INSERT INTO role_permission (id, version, creator_id, modifier_id, permission_id, role_id)
VALUES (150602, 0, 1, 1, 50602, 1);
INSERT INTO role_permission (id, version, creator_id, modifier_id, permission_id, role_id)
VALUES (150603, 0, 1, 1, 50603, 1);
INSERT INTO role_permission (id, version, creator_id, modifier_id, permission_id, role_id)
VALUES (150604, 0, 1, 1, 50604, 1);
INSERT INTO role_permission (id, version, creator_id, modifier_id, permission_id, role_id)
VALUES (150605, 0, 1, 1, 50605, 1);
INSERT INTO role_permission (id, version, creator_id, modifier_id, permission_id, role_id)
VALUES (150606, 0, 1, 1, 50606, 1);
INSERT INTO role_permission (id, version, creator_id, modifier_id, permission_id, role_id)
VALUES (150607, 0, 1, 1, 50607, 1);
INSERT INTO role_permission (id, version, creator_id, modifier_id, permission_id, role_id)
VALUES (250601, 0, 1, 1, 50601, 2);
INSERT INTO role_permission (id, version, creator_id, modifier_id, permission_id, role_id)
VALUES (250602, 0, 1, 1, 50602, 2);
INSERT INTO role_permission (id, version, creator_id, modifier_id, permission_id, role_id)
VALUES (250603, 0, 1, 1, 50603, 2);
INSERT INTO role_permission (id, version, creator_id, modifier_id, permission_id, role_id)
VALUES (250604, 0, 1, 1, 50604, 2);
INSERT INTO role_permission (id, version, creator_id, modifier_id, permission_id, role_id)
VALUES (250605, 0, 1, 1, 50605, 2);
INSERT INTO role_permission (id, version, creator_id, modifier_id, permission_id, role_id)
VALUES (250606, 0, 1, 1, 50606, 2);
INSERT INTO role_permission (id, version, creator_id, modifier_id, permission_id, role_id)
VALUES (250607, 0, 1, 1, 50607, 2);
INSERT INTO role_permission (id, version, creator_id, modifier_id, permission_id, role_id)
VALUES (350601, 0, 1, 1, 50601, 3);
INSERT INTO role_permission (id, version, creator_id, modifier_id, permission_id, role_id)
VALUES (350602, 0, 1, 1, 50602, 3);
INSERT INTO role_permission (id, version, creator_id, modifier_id, permission_id, role_id)
VALUES (350603, 0, 1, 1, 50603, 3);
INSERT INTO role_permission (id, version, creator_id, modifier_id, permission_id, role_id)
VALUES (350604, 0, 1, 1, 50604, 3);
INSERT INTO role_permission (id, version, creator_id, modifier_id, permission_id, role_id)
VALUES (350605, 0, 1, 1, 50605, 3);
INSERT INTO role_permission (id, version, creator_id, modifier_id, permission_id, role_id)
VALUES (350606, 0, 1, 1, 50606, 3);
INSERT INTO role_permission (id, version, creator_id, modifier_id, permission_id, role_id)
VALUES (350607, 0, 1, 1, 50607, 3);
INSERT INTO role_permission (id, version, creator_id, modifier_id, permission_id, role_id)
VALUES (450601, 0, 1, 1, 50601, 4);
INSERT INTO role_permission (id, version, creator_id, modifier_id, permission_id, role_id)
VALUES (450602, 0, 1, 1, 50602, 4);
INSERT INTO role_permission (id, version, creator_id, modifier_id, permission_id, role_id)
VALUES (450603, 0, 1, 1, 50603, 4);
INSERT INTO role_permission (id, version, creator_id, modifier_id, permission_id, role_id)
VALUES (450604, 0, 1, 1, 50604, 4);
INSERT INTO role_permission (id, version, creator_id, modifier_id, permission_id, role_id)
VALUES (450605, 0, 1, 1, 50605, 4);
INSERT INTO role_permission (id, version, creator_id, modifier_id, permission_id, role_id)
VALUES (450606, 0, 1, 1, 50606, 4);
INSERT INTO role_permission (id, version, creator_id, modifier_id, permission_id, role_id)
VALUES (450607, 0, 1, 1, 50607, 4);
INSERT INTO role_permission (id, version, creator_id, modifier_id, permission_id, role_id)
VALUES (150701, 0, 1, 1, 50701, 1);
INSERT INTO role_permission (id, version, creator_id, modifier_id, permission_id, role_id)
VALUES (150702, 0, 1, 1, 50702, 1);
INSERT INTO role_permission (id, version, creator_id, modifier_id, permission_id, role_id)
VALUES (150703, 0, 1, 1, 50703, 1);
INSERT INTO role_permission (id, version, creator_id, modifier_id, permission_id, role_id)
VALUES (150704, 0, 1, 1, 50704, 1);
INSERT INTO role_permission (id, version, creator_id, modifier_id, permission_id, role_id)
VALUES (150705, 0, 1, 1, 50705, 1);
INSERT INTO role_permission (id, version, creator_id, modifier_id, permission_id, role_id)
VALUES (150706, 0, 1, 1, 50706, 1);
INSERT INTO role_permission (id, version, creator_id, modifier_id, permission_id, role_id)
VALUES (150707, 0, 1, 1, 50707, 1);
INSERT INTO role_permission (id, version, creator_id, modifier_id, permission_id, role_id)
VALUES (250701, 0, 1, 1, 50701, 2);
INSERT INTO role_permission (id, version, creator_id, modifier_id, permission_id, role_id)
VALUES (250702, 0, 1, 1, 50702, 2);
INSERT INTO role_permission (id, version, creator_id, modifier_id, permission_id, role_id)
VALUES (250703, 0, 1, 1, 50703, 2);
INSERT INTO role_permission (id, version, creator_id, modifier_id, permission_id, role_id)
VALUES (250704, 0, 1, 1, 50704, 2);
INSERT INTO role_permission (id, version, creator_id, modifier_id, permission_id, role_id)
VALUES (250705, 0, 1, 1, 50705, 2);
INSERT INTO role_permission (id, version, creator_id, modifier_id, permission_id, role_id)
VALUES (250706, 0, 1, 1, 50706, 2);
INSERT INTO role_permission (id, version, creator_id, modifier_id, permission_id, role_id)
VALUES (250707, 0, 1, 1, 50707, 2);
INSERT INTO role_permission (id, version, creator_id, modifier_id, permission_id, role_id)
VALUES (350701, 0, 1, 1, 50701, 3);
INSERT INTO role_permission (id, version, creator_id, modifier_id, permission_id, role_id)
VALUES (350702, 0, 1, 1, 50702, 3);
INSERT INTO role_permission (id, version, creator_id, modifier_id, permission_id, role_id)
VALUES (350703, 0, 1, 1, 50703, 3);
INSERT INTO role_permission (id, version, creator_id, modifier_id, permission_id, role_id)
VALUES (350704, 0, 1, 1, 50704, 3);
INSERT INTO role_permission (id, version, creator_id, modifier_id, permission_id, role_id)
VALUES (350705, 0, 1, 1, 50705, 3);
INSERT INTO role_permission (id, version, creator_id, modifier_id, permission_id, role_id)
VALUES (350706, 0, 1, 1, 50706, 3);
INSERT INTO role_permission (id, version, creator_id, modifier_id, permission_id, role_id)
VALUES (350707, 0, 1, 1, 50707, 3);
INSERT INTO role_permission (id, version, creator_id, modifier_id, permission_id, role_id)
VALUES (450701, 0, 1, 1, 50701, 4);
INSERT INTO role_permission (id, version, creator_id, modifier_id, permission_id, role_id)
VALUES (450702, 0, 1, 1, 50702, 4);
INSERT INTO role_permission (id, version, creator_id, modifier_id, permission_id, role_id)
VALUES (450703, 0, 1, 1, 50703, 4);
INSERT INTO role_permission (id, version, creator_id, modifier_id, permission_id, role_id)
VALUES (450704, 0, 1, 1, 50704, 4);
INSERT INTO role_permission (id, version, creator_id, modifier_id, permission_id, role_id)
VALUES (450705, 0, 1, 1, 50705, 4);
INSERT INTO role_permission (id, version, creator_id, modifier_id, permission_id, role_id)
VALUES (450706, 0, 1, 1, 50706, 4);
INSERT INTO role_permission (id, version, creator_id, modifier_id, permission_id, role_id)
VALUES (450707, 0, 1, 1, 50707, 4);
INSERT INTO role_permission (id, version, creator_id, modifier_id, permission_id, role_id)
VALUES (150801, 0, 1, 1, 50801, 1);
INSERT INTO role_permission (id, version, creator_id, modifier_id, permission_id, role_id)
VALUES (150802, 0, 1, 1, 50802, 1);
INSERT INTO role_permission (id, version, creator_id, modifier_id, permission_id, role_id)
VALUES (150803, 0, 1, 1, 50803, 1);
INSERT INTO role_permission (id, version, creator_id, modifier_id, permission_id, role_id)
VALUES (150804, 0, 1, 1, 50804, 1);
INSERT INTO role_permission (id, version, creator_id, modifier_id, permission_id, role_id)
VALUES (150805, 0, 1, 1, 50805, 1);
INSERT INTO role_permission (id, version, creator_id, modifier_id, permission_id, role_id)
VALUES (150806, 0, 1, 1, 50806, 1);
INSERT INTO role_permission (id, version, creator_id, modifier_id, permission_id, role_id)
VALUES (150807, 0, 1, 1, 50807, 1);
INSERT INTO role_permission (id, version, creator_id, modifier_id, permission_id, role_id)
VALUES (250801, 0, 1, 1, 50801, 2);
INSERT INTO role_permission (id, version, creator_id, modifier_id, permission_id, role_id)
VALUES (250802, 0, 1, 1, 50802, 2);
INSERT INTO role_permission (id, version, creator_id, modifier_id, permission_id, role_id)
VALUES (250803, 0, 1, 1, 50803, 2);
INSERT INTO role_permission (id, version, creator_id, modifier_id, permission_id, role_id)
VALUES (250804, 0, 1, 1, 50804, 2);
INSERT INTO role_permission (id, version, creator_id, modifier_id, permission_id, role_id)
VALUES (250805, 0, 1, 1, 50805, 2);
INSERT INTO role_permission (id, version, creator_id, modifier_id, permission_id, role_id)
VALUES (250806, 0, 1, 1, 50806, 2);
INSERT INTO role_permission (id, version, creator_id, modifier_id, permission_id, role_id)
VALUES (250807, 0, 1, 1, 50807, 2);
INSERT INTO role_permission (id, version, creator_id, modifier_id, permission_id, role_id)
VALUES (350801, 0, 1, 1, 50801, 3);
INSERT INTO role_permission (id, version, creator_id, modifier_id, permission_id, role_id)
VALUES (350802, 0, 1, 1, 50802, 3);
INSERT INTO role_permission (id, version, creator_id, modifier_id, permission_id, role_id)
VALUES (350803, 0, 1, 1, 50803, 3);
INSERT INTO role_permission (id, version, creator_id, modifier_id, permission_id, role_id)
VALUES (350804, 0, 1, 1, 50804, 3);
INSERT INTO role_permission (id, version, creator_id, modifier_id, permission_id, role_id)
VALUES (350805, 0, 1, 1, 50805, 3);
INSERT INTO role_permission (id, version, creator_id, modifier_id, permission_id, role_id)
VALUES (350806, 0, 1, 1, 50806, 3);
INSERT INTO role_permission (id, version, creator_id, modifier_id, permission_id, role_id)
VALUES (350807, 0, 1, 1, 50807, 3);
INSERT INTO role_permission (id, version, creator_id, modifier_id, permission_id, role_id)
VALUES (450801, 0, 1, 1, 50801, 4);
INSERT INTO role_permission (id, version, creator_id, modifier_id, permission_id, role_id)
VALUES (450802, 0, 1, 1, 50802, 4);
INSERT INTO role_permission (id, version, creator_id, modifier_id, permission_id, role_id)
VALUES (450803, 0, 1, 1, 50803, 4);
INSERT INTO role_permission (id, version, creator_id, modifier_id, permission_id, role_id)
VALUES (450804, 0, 1, 1, 50804, 4);
INSERT INTO role_permission (id, version, creator_id, modifier_id, permission_id, role_id)
VALUES (450805, 0, 1, 1, 50805, 4);
INSERT INTO role_permission (id, version, creator_id, modifier_id, permission_id, role_id)
VALUES (450806, 0, 1, 1, 50806, 4);
INSERT INTO role_permission (id, version, creator_id, modifier_id, permission_id, role_id)
VALUES (450807, 0, 1, 1, 50807, 4);
INSERT INTO role_permission (id, version, creator_id, modifier_id, permission_id, role_id)
VALUES (150901, 0, 1, 1, 50901, 1);
INSERT INTO role_permission (id, version, creator_id, modifier_id, permission_id, role_id)
VALUES (150902, 0, 1, 1, 50902, 1);
INSERT INTO role_permission (id, version, creator_id, modifier_id, permission_id, role_id)
VALUES (150903, 0, 1, 1, 50903, 1);
INSERT INTO role_permission (id, version, creator_id, modifier_id, permission_id, role_id)
VALUES (150904, 0, 1, 1, 50904, 1);
INSERT INTO role_permission (id, version, creator_id, modifier_id, permission_id, role_id)
VALUES (150905, 0, 1, 1, 50905, 1);
INSERT INTO role_permission (id, version, creator_id, modifier_id, permission_id, role_id)
VALUES (150906, 0, 1, 1, 50906, 1);
INSERT INTO role_permission (id, version, creator_id, modifier_id, permission_id, role_id)
VALUES (150907, 0, 1, 1, 50907, 1);
INSERT INTO role_permission (id, version, creator_id, modifier_id, permission_id, role_id)
VALUES (250901, 0, 1, 1, 50901, 2);
INSERT INTO role_permission (id, version, creator_id, modifier_id, permission_id, role_id)
VALUES (250902, 0, 1, 1, 50902, 2);
INSERT INTO role_permission (id, version, creator_id, modifier_id, permission_id, role_id)
VALUES (250903, 0, 1, 1, 50903, 2);
INSERT INTO role_permission (id, version, creator_id, modifier_id, permission_id, role_id)
VALUES (250904, 0, 1, 1, 50904, 2);
INSERT INTO role_permission (id, version, creator_id, modifier_id, permission_id, role_id)
VALUES (250905, 0, 1, 1, 50905, 2);
INSERT INTO role_permission (id, version, creator_id, modifier_id, permission_id, role_id)
VALUES (250906, 0, 1, 1, 50906, 2);
INSERT INTO role_permission (id, version, creator_id, modifier_id, permission_id, role_id)
VALUES (250907, 0, 1, 1, 50907, 2);
INSERT INTO role_permission (id, version, creator_id, modifier_id, permission_id, role_id)
VALUES (350901, 0, 1, 1, 50901, 3);
INSERT INTO role_permission (id, version, creator_id, modifier_id, permission_id, role_id)
VALUES (350902, 0, 1, 1, 50902, 3);
INSERT INTO role_permission (id, version, creator_id, modifier_id, permission_id, role_id)
VALUES (350903, 0, 1, 1, 50903, 3);
INSERT INTO role_permission (id, version, creator_id, modifier_id, permission_id, role_id)
VALUES (350904, 0, 1, 1, 50904, 3);
INSERT INTO role_permission (id, version, creator_id, modifier_id, permission_id, role_id)
VALUES (350905, 0, 1, 1, 50905, 3);
INSERT INTO role_permission (id, version, creator_id, modifier_id, permission_id, role_id)
VALUES (350906, 0, 1, 1, 50906, 3);
INSERT INTO role_permission (id, version, creator_id, modifier_id, permission_id, role_id)
VALUES (350907, 0, 1, 1, 50907, 3);
INSERT INTO role_permission (id, version, creator_id, modifier_id, permission_id, role_id)
VALUES (450901, 0, 1, 1, 50901, 4);
INSERT INTO role_permission (id, version, creator_id, modifier_id, permission_id, role_id)
VALUES (450902, 0, 1, 1, 50902, 4);
INSERT INTO role_permission (id, version, creator_id, modifier_id, permission_id, role_id)
VALUES (450903, 0, 1, 1, 50903, 4);
INSERT INTO role_permission (id, version, creator_id, modifier_id, permission_id, role_id)
VALUES (450904, 0, 1, 1, 50904, 4);
INSERT INTO role_permission (id, version, creator_id, modifier_id, permission_id, role_id)
VALUES (450905, 0, 1, 1, 50905, 4);
INSERT INTO role_permission (id, version, creator_id, modifier_id, permission_id, role_id)
VALUES (450906, 0, 1, 1, 50906, 4);
INSERT INTO role_permission (id, version, creator_id, modifier_id, permission_id, role_id)
VALUES (450907, 0, 1, 1, 50907, 4);
INSERT INTO role_permission (id, version, creator_id, modifier_id, permission_id, role_id)
VALUES (151001, 0, 1, 1, 51001, 1);
INSERT INTO role_permission (id, version, creator_id, modifier_id, permission_id, role_id)
VALUES (151002, 0, 1, 1, 51002, 1);
INSERT INTO role_permission (id, version, creator_id, modifier_id, permission_id, role_id)
VALUES (151003, 0, 1, 1, 51003, 1);
INSERT INTO role_permission (id, version, creator_id, modifier_id, permission_id, role_id)
VALUES (151004, 0, 1, 1, 51004, 1);
INSERT INTO role_permission (id, version, creator_id, modifier_id, permission_id, role_id)
VALUES (151005, 0, 1, 1, 51005, 1);
INSERT INTO role_permission (id, version, creator_id, modifier_id, permission_id, role_id)
VALUES (151006, 0, 1, 1, 51006, 1);
INSERT INTO role_permission (id, version, creator_id, modifier_id, permission_id, role_id)
VALUES (151007, 0, 1, 1, 51007, 1);
INSERT INTO role_permission (id, version, creator_id, modifier_id, permission_id, role_id)
VALUES (251001, 0, 1, 1, 51001, 2);
INSERT INTO role_permission (id, version, creator_id, modifier_id, permission_id, role_id)
VALUES (251002, 0, 1, 1, 51002, 2);
INSERT INTO role_permission (id, version, creator_id, modifier_id, permission_id, role_id)
VALUES (251003, 0, 1, 1, 51003, 2);
INSERT INTO role_permission (id, version, creator_id, modifier_id, permission_id, role_id)
VALUES (251004, 0, 1, 1, 51004, 2);
INSERT INTO role_permission (id, version, creator_id, modifier_id, permission_id, role_id)
VALUES (251005, 0, 1, 1, 51005, 2);
INSERT INTO role_permission (id, version, creator_id, modifier_id, permission_id, role_id)
VALUES (251006, 0, 1, 1, 51006, 2);
INSERT INTO role_permission (id, version, creator_id, modifier_id, permission_id, role_id)
VALUES (251007, 0, 1, 1, 51007, 2);
INSERT INTO role_permission (id, version, creator_id, modifier_id, permission_id, role_id)
VALUES (351001, 0, 1, 1, 51001, 3);
INSERT INTO role_permission (id, version, creator_id, modifier_id, permission_id, role_id)
VALUES (351002, 0, 1, 1, 51002, 3);
INSERT INTO role_permission (id, version, creator_id, modifier_id, permission_id, role_id)
VALUES (351003, 0, 1, 1, 51003, 3);
INSERT INTO role_permission (id, version, creator_id, modifier_id, permission_id, role_id)
VALUES (351004, 0, 1, 1, 51004, 3);
INSERT INTO role_permission (id, version, creator_id, modifier_id, permission_id, role_id)
VALUES (351005, 0, 1, 1, 51005, 3);
INSERT INTO role_permission (id, version, creator_id, modifier_id, permission_id, role_id)
VALUES (351006, 0, 1, 1, 51006, 3);
INSERT INTO role_permission (id, version, creator_id, modifier_id, permission_id, role_id)
VALUES (351007, 0, 1, 1, 51007, 3);
INSERT INTO role_permission (id, version, creator_id, modifier_id, permission_id, role_id)
VALUES (451001, 0, 1, 1, 51001, 4);
INSERT INTO role_permission (id, version, creator_id, modifier_id, permission_id, role_id)
VALUES (451002, 0, 1, 1, 51002, 4);
INSERT INTO role_permission (id, version, creator_id, modifier_id, permission_id, role_id)
VALUES (451003, 0, 1, 1, 51003, 4);
INSERT INTO role_permission (id, version, creator_id, modifier_id, permission_id, role_id)
VALUES (451004, 0, 1, 1, 51004, 4);
INSERT INTO role_permission (id, version, creator_id, modifier_id, permission_id, role_id)
VALUES (451005, 0, 1, 1, 51005, 4);
INSERT INTO role_permission (id, version, creator_id, modifier_id, permission_id, role_id)
VALUES (451006, 0, 1, 1, 51006, 4);
INSERT INTO role_permission (id, version, creator_id, modifier_id, permission_id, role_id)
VALUES (451007, 0, 1, 1, 51007, 4);
INSERT INTO role_permission (id, version, creator_id, modifier_id, permission_id, role_id)
VALUES (151101, 0, 1, 1, 51101, 1);
INSERT INTO role_permission (id, version, creator_id, modifier_id, permission_id, role_id)
VALUES (151102, 0, 1, 1, 51102, 1);
INSERT INTO role_permission (id, version, creator_id, modifier_id, permission_id, role_id)
VALUES (151103, 0, 1, 1, 51103, 1);
INSERT INTO role_permission (id, version, creator_id, modifier_id, permission_id, role_id)
VALUES (151104, 0, 1, 1, 51104, 1);
INSERT INTO role_permission (id, version, creator_id, modifier_id, permission_id, role_id)
VALUES (151105, 0, 1, 1, 51105, 1);
INSERT INTO role_permission (id, version, creator_id, modifier_id, permission_id, role_id)
VALUES (151106, 0, 1, 1, 51106, 1);
INSERT INTO role_permission (id, version, creator_id, modifier_id, permission_id, role_id)
VALUES (151107, 0, 1, 1, 51107, 1);
INSERT INTO role_permission (id, version, creator_id, modifier_id, permission_id, role_id)
VALUES (251101, 0, 1, 1, 51101, 2);
INSERT INTO role_permission (id, version, creator_id, modifier_id, permission_id, role_id)
VALUES (251102, 0, 1, 1, 51102, 2);
INSERT INTO role_permission (id, version, creator_id, modifier_id, permission_id, role_id)
VALUES (251103, 0, 1, 1, 51103, 2);
INSERT INTO role_permission (id, version, creator_id, modifier_id, permission_id, role_id)
VALUES (251104, 0, 1, 1, 51104, 2);
INSERT INTO role_permission (id, version, creator_id, modifier_id, permission_id, role_id)
VALUES (251105, 0, 1, 1, 51105, 2);
INSERT INTO role_permission (id, version, creator_id, modifier_id, permission_id, role_id)
VALUES (251106, 0, 1, 1, 51106, 2);
INSERT INTO role_permission (id, version, creator_id, modifier_id, permission_id, role_id)
VALUES (251107, 0, 1, 1, 51107, 2);
INSERT INTO role_permission (id, version, creator_id, modifier_id, permission_id, role_id)
VALUES (351101, 0, 1, 1, 51101, 3);
INSERT INTO role_permission (id, version, creator_id, modifier_id, permission_id, role_id)
VALUES (351102, 0, 1, 1, 51102, 3);
INSERT INTO role_permission (id, version, creator_id, modifier_id, permission_id, role_id)
VALUES (351103, 0, 1, 1, 51103, 3);
INSERT INTO role_permission (id, version, creator_id, modifier_id, permission_id, role_id)
VALUES (351104, 0, 1, 1, 51104, 3);
INSERT INTO role_permission (id, version, creator_id, modifier_id, permission_id, role_id)
VALUES (351105, 0, 1, 1, 51105, 3);
INSERT INTO role_permission (id, version, creator_id, modifier_id, permission_id, role_id)
VALUES (351106, 0, 1, 1, 51106, 3);
INSERT INTO role_permission (id, version, creator_id, modifier_id, permission_id, role_id)
VALUES (351107, 0, 1, 1, 51107, 3);
INSERT INTO role_permission (id, version, creator_id, modifier_id, permission_id, role_id)
VALUES (451101, 0, 1, 1, 51101, 4);
INSERT INTO role_permission (id, version, creator_id, modifier_id, permission_id, role_id)
VALUES (451102, 0, 1, 1, 51102, 4);
INSERT INTO role_permission (id, version, creator_id, modifier_id, permission_id, role_id)
VALUES (451103, 0, 1, 1, 51103, 4);
INSERT INTO role_permission (id, version, creator_id, modifier_id, permission_id, role_id)
VALUES (451104, 0, 1, 1, 51104, 4);
INSERT INTO role_permission (id, version, creator_id, modifier_id, permission_id, role_id)
VALUES (451105, 0, 1, 1, 51105, 4);
INSERT INTO role_permission (id, version, creator_id, modifier_id, permission_id, role_id)
VALUES (451106, 0, 1, 1, 51106, 4);
INSERT INTO role_permission (id, version, creator_id, modifier_id, permission_id, role_id)
VALUES (451107, 0, 1, 1, 51107, 4);




                INSERT INTO role_permission_rule (role_permission_id, rule_id)
                VALUES (150101, 1);
                

                INSERT INTO role_permission_rule (role_permission_id, rule_id)
                VALUES (150102, 1);
                

                INSERT INTO role_permission_rule (role_permission_id, rule_id)
                VALUES (150103, 1);
                

                INSERT INTO role_permission_rule (role_permission_id, rule_id)
                VALUES (150104, 1);
                

                INSERT INTO role_permission_rule (role_permission_id, rule_id)
                VALUES (150105, 1);
                

                INSERT INTO role_permission_rule (role_permission_id, rule_id)
                VALUES (150106, 1);
                

                INSERT INTO role_permission_rule (role_permission_id, rule_id)
                VALUES (150107, 1);
                

                INSERT INTO role_permission_rule (role_permission_id, rule_id)
                VALUES (250101, 5);
                

                INSERT INTO role_permission_rule (role_permission_id, rule_id)
                VALUES (250102, 5);
                

                INSERT INTO role_permission_rule (role_permission_id, rule_id)
                VALUES (250103, 5);
                

                INSERT INTO role_permission_rule (role_permission_id, rule_id)
                VALUES (250104, 5);
                

                INSERT INTO role_permission_rule (role_permission_id, rule_id)
                VALUES (250105, 5);
                

                INSERT INTO role_permission_rule (role_permission_id, rule_id)
                VALUES (250106, 5);
                

                INSERT INTO role_permission_rule (role_permission_id, rule_id)
                VALUES (250107, 5);
                

                INSERT INTO role_permission_rule (role_permission_id, rule_id)
                VALUES (150201, 1);
                

                INSERT INTO role_permission_rule (role_permission_id, rule_id)
                VALUES (150202, 1);
                

                INSERT INTO role_permission_rule (role_permission_id, rule_id)
                VALUES (150203, 1);
                

                INSERT INTO role_permission_rule (role_permission_id, rule_id)
                VALUES (150204, 1);
                

                INSERT INTO role_permission_rule (role_permission_id, rule_id)
                VALUES (150205, 1);
                

                INSERT INTO role_permission_rule (role_permission_id, rule_id)
                VALUES (150206, 1);
                

                INSERT INTO role_permission_rule (role_permission_id, rule_id)
                VALUES (150207, 1);
                

                INSERT INTO role_permission_rule (role_permission_id, rule_id)
                VALUES (250201, 5);
                

                INSERT INTO role_permission_rule (role_permission_id, rule_id)
                VALUES (250202, 5);
                

                INSERT INTO role_permission_rule (role_permission_id, rule_id)
                VALUES (250203, 5);
                

                INSERT INTO role_permission_rule (role_permission_id, rule_id)
                VALUES (250204, 5);
                

                INSERT INTO role_permission_rule (role_permission_id, rule_id)
                VALUES (250205, 5);
                

                INSERT INTO role_permission_rule (role_permission_id, rule_id)
                VALUES (250206, 5);
                

                INSERT INTO role_permission_rule (role_permission_id, rule_id)
                VALUES (250207, 5);
                

                INSERT INTO role_permission_rule (role_permission_id, rule_id)
                VALUES (150301, 1);
                

                INSERT INTO role_permission_rule (role_permission_id, rule_id)
                VALUES (150302, 1);
                

                INSERT INTO role_permission_rule (role_permission_id, rule_id)
                VALUES (150303, 1);
                

                INSERT INTO role_permission_rule (role_permission_id, rule_id)
                VALUES (150304, 1);
                

                INSERT INTO role_permission_rule (role_permission_id, rule_id)
                VALUES (150305, 1);
                

                INSERT INTO role_permission_rule (role_permission_id, rule_id)
                VALUES (150306, 1);
                

                INSERT INTO role_permission_rule (role_permission_id, rule_id)
                VALUES (150307, 1);
                

                INSERT INTO role_permission_rule (role_permission_id, rule_id)
                VALUES (250301, 5);
                

                INSERT INTO role_permission_rule (role_permission_id, rule_id)
                VALUES (250302, 5);
                

                INSERT INTO role_permission_rule (role_permission_id, rule_id)
                VALUES (250303, 5);
                

                INSERT INTO role_permission_rule (role_permission_id, rule_id)
                VALUES (250304, 5);
                

                INSERT INTO role_permission_rule (role_permission_id, rule_id)
                VALUES (250305, 5);
                

                INSERT INTO role_permission_rule (role_permission_id, rule_id)
                VALUES (250306, 5);
                

                INSERT INTO role_permission_rule (role_permission_id, rule_id)
                VALUES (250307, 5);
                

                INSERT INTO role_permission_rule (role_permission_id, rule_id)
                VALUES (150401, 1);
                

                INSERT INTO role_permission_rule (role_permission_id, rule_id)
                VALUES (150402, 1);
                

                INSERT INTO role_permission_rule (role_permission_id, rule_id)
                VALUES (150403, 1);
                

                INSERT INTO role_permission_rule (role_permission_id, rule_id)
                VALUES (150404, 1);
                

                INSERT INTO role_permission_rule (role_permission_id, rule_id)
                VALUES (150405, 1);
                

                INSERT INTO role_permission_rule (role_permission_id, rule_id)
                VALUES (150406, 1);
                

                INSERT INTO role_permission_rule (role_permission_id, rule_id)
                VALUES (150407, 1);
                

                INSERT INTO role_permission_rule (role_permission_id, rule_id)
                VALUES (250401, 5);
                

                INSERT INTO role_permission_rule (role_permission_id, rule_id)
                VALUES (250402, 5);
                

                INSERT INTO role_permission_rule (role_permission_id, rule_id)
                VALUES (250403, 5);
                

                INSERT INTO role_permission_rule (role_permission_id, rule_id)
                VALUES (250404, 5);
                

                INSERT INTO role_permission_rule (role_permission_id, rule_id)
                VALUES (250405, 5);
                

                INSERT INTO role_permission_rule (role_permission_id, rule_id)
                VALUES (250406, 5);
                

                INSERT INTO role_permission_rule (role_permission_id, rule_id)
                VALUES (250407, 5);
                

                INSERT INTO role_permission_rule (role_permission_id, rule_id)
                VALUES (150501, 1);
                

                INSERT INTO role_permission_rule (role_permission_id, rule_id)
                VALUES (150502, 1);
                

                INSERT INTO role_permission_rule (role_permission_id, rule_id)
                VALUES (150503, 1);
                

                INSERT INTO role_permission_rule (role_permission_id, rule_id)
                VALUES (150504, 1);
                

                INSERT INTO role_permission_rule (role_permission_id, rule_id)
                VALUES (150505, 1);
                

                INSERT INTO role_permission_rule (role_permission_id, rule_id)
                VALUES (150506, 1);
                

                INSERT INTO role_permission_rule (role_permission_id, rule_id)
                VALUES (150507, 1);
                

                INSERT INTO role_permission_rule (role_permission_id, rule_id)
                VALUES (250501, 5);
                

                INSERT INTO role_permission_rule (role_permission_id, rule_id)
                VALUES (250502, 5);
                

                INSERT INTO role_permission_rule (role_permission_id, rule_id)
                VALUES (250503, 5);
                

                INSERT INTO role_permission_rule (role_permission_id, rule_id)
                VALUES (250504, 5);
                

                INSERT INTO role_permission_rule (role_permission_id, rule_id)
                VALUES (250505, 5);
                

                INSERT INTO role_permission_rule (role_permission_id, rule_id)
                VALUES (250506, 5);
                

                INSERT INTO role_permission_rule (role_permission_id, rule_id)
                VALUES (250507, 5);
                

                INSERT INTO role_permission_rule (role_permission_id, rule_id)
                VALUES (150601, 1);
                

                INSERT INTO role_permission_rule (role_permission_id, rule_id)
                VALUES (150602, 1);
                

                INSERT INTO role_permission_rule (role_permission_id, rule_id)
                VALUES (150603, 1);
                

                INSERT INTO role_permission_rule (role_permission_id, rule_id)
                VALUES (150604, 1);
                

                INSERT INTO role_permission_rule (role_permission_id, rule_id)
                VALUES (150605, 1);
                

                INSERT INTO role_permission_rule (role_permission_id, rule_id)
                VALUES (150606, 1);
                

                INSERT INTO role_permission_rule (role_permission_id, rule_id)
                VALUES (150607, 1);
                

                INSERT INTO role_permission_rule (role_permission_id, rule_id)
                VALUES (250601, 5);
                

                INSERT INTO role_permission_rule (role_permission_id, rule_id)
                VALUES (250602, 5);
                

                INSERT INTO role_permission_rule (role_permission_id, rule_id)
                VALUES (250603, 5);
                

                INSERT INTO role_permission_rule (role_permission_id, rule_id)
                VALUES (250604, 5);
                

                INSERT INTO role_permission_rule (role_permission_id, rule_id)
                VALUES (250605, 5);
                

                INSERT INTO role_permission_rule (role_permission_id, rule_id)
                VALUES (250606, 5);
                

                INSERT INTO role_permission_rule (role_permission_id, rule_id)
                VALUES (250607, 5);
                

                INSERT INTO role_permission_rule (role_permission_id, rule_id)
                VALUES (150701, 1);
                

                INSERT INTO role_permission_rule (role_permission_id, rule_id)
                VALUES (150702, 1);
                

                INSERT INTO role_permission_rule (role_permission_id, rule_id)
                VALUES (150703, 1);
                

                INSERT INTO role_permission_rule (role_permission_id, rule_id)
                VALUES (150704, 1);
                

                INSERT INTO role_permission_rule (role_permission_id, rule_id)
                VALUES (150705, 1);
                

                INSERT INTO role_permission_rule (role_permission_id, rule_id)
                VALUES (150706, 1);
                

                INSERT INTO role_permission_rule (role_permission_id, rule_id)
                VALUES (150707, 1);
                

                INSERT INTO role_permission_rule (role_permission_id, rule_id)
                VALUES (250701, 5);
                

                INSERT INTO role_permission_rule (role_permission_id, rule_id)
                VALUES (250702, 5);
                

                INSERT INTO role_permission_rule (role_permission_id, rule_id)
                VALUES (250703, 5);
                

                INSERT INTO role_permission_rule (role_permission_id, rule_id)
                VALUES (250704, 5);
                

                INSERT INTO role_permission_rule (role_permission_id, rule_id)
                VALUES (250705, 5);
                

                INSERT INTO role_permission_rule (role_permission_id, rule_id)
                VALUES (250706, 5);
                

                INSERT INTO role_permission_rule (role_permission_id, rule_id)
                VALUES (250707, 5);
                

                INSERT INTO role_permission_rule (role_permission_id, rule_id)
                VALUES (150801, 1);
                

                INSERT INTO role_permission_rule (role_permission_id, rule_id)
                VALUES (150802, 1);
                

                INSERT INTO role_permission_rule (role_permission_id, rule_id)
                VALUES (150803, 1);
                

                INSERT INTO role_permission_rule (role_permission_id, rule_id)
                VALUES (150804, 1);
                

                INSERT INTO role_permission_rule (role_permission_id, rule_id)
                VALUES (150805, 1);
                

                INSERT INTO role_permission_rule (role_permission_id, rule_id)
                VALUES (150806, 1);
                

                INSERT INTO role_permission_rule (role_permission_id, rule_id)
                VALUES (150807, 1);
                

                INSERT INTO role_permission_rule (role_permission_id, rule_id)
                VALUES (250801, 5);
                

                INSERT INTO role_permission_rule (role_permission_id, rule_id)
                VALUES (250802, 5);
                

                INSERT INTO role_permission_rule (role_permission_id, rule_id)
                VALUES (250803, 5);
                

                INSERT INTO role_permission_rule (role_permission_id, rule_id)
                VALUES (250804, 5);
                

                INSERT INTO role_permission_rule (role_permission_id, rule_id)
                VALUES (250805, 5);
                

                INSERT INTO role_permission_rule (role_permission_id, rule_id)
                VALUES (250806, 5);
                

                INSERT INTO role_permission_rule (role_permission_id, rule_id)
                VALUES (250807, 5);
                

                INSERT INTO role_permission_rule (role_permission_id, rule_id)
                VALUES (150901, 1);
                

                INSERT INTO role_permission_rule (role_permission_id, rule_id)
                VALUES (150902, 1);
                

                INSERT INTO role_permission_rule (role_permission_id, rule_id)
                VALUES (150903, 1);
                

                INSERT INTO role_permission_rule (role_permission_id, rule_id)
                VALUES (150904, 1);
                

                INSERT INTO role_permission_rule (role_permission_id, rule_id)
                VALUES (150905, 1);
                

                INSERT INTO role_permission_rule (role_permission_id, rule_id)
                VALUES (150906, 1);
                

                INSERT INTO role_permission_rule (role_permission_id, rule_id)
                VALUES (150907, 1);
                

                INSERT INTO role_permission_rule (role_permission_id, rule_id)
                VALUES (250901, 5);
                

                INSERT INTO role_permission_rule (role_permission_id, rule_id)
                VALUES (250902, 5);
                

                INSERT INTO role_permission_rule (role_permission_id, rule_id)
                VALUES (250903, 5);
                

                INSERT INTO role_permission_rule (role_permission_id, rule_id)
                VALUES (250904, 5);
                

                INSERT INTO role_permission_rule (role_permission_id, rule_id)
                VALUES (250905, 5);
                

                INSERT INTO role_permission_rule (role_permission_id, rule_id)
                VALUES (250906, 5);
                

                INSERT INTO role_permission_rule (role_permission_id, rule_id)
                VALUES (250907, 5);
                

                INSERT INTO role_permission_rule (role_permission_id, rule_id)
                VALUES (151001, 1);
                

                INSERT INTO role_permission_rule (role_permission_id, rule_id)
                VALUES (151002, 1);
                

                INSERT INTO role_permission_rule (role_permission_id, rule_id)
                VALUES (151003, 1);
                

                INSERT INTO role_permission_rule (role_permission_id, rule_id)
                VALUES (151004, 1);
                

                INSERT INTO role_permission_rule (role_permission_id, rule_id)
                VALUES (151005, 1);
                

                INSERT INTO role_permission_rule (role_permission_id, rule_id)
                VALUES (151006, 1);
                

                INSERT INTO role_permission_rule (role_permission_id, rule_id)
                VALUES (151007, 1);
                

                INSERT INTO role_permission_rule (role_permission_id, rule_id)
                VALUES (251001, 5);
                

                INSERT INTO role_permission_rule (role_permission_id, rule_id)
                VALUES (251002, 5);
                

                INSERT INTO role_permission_rule (role_permission_id, rule_id)
                VALUES (251003, 5);
                

                INSERT INTO role_permission_rule (role_permission_id, rule_id)
                VALUES (251004, 5);
                

                INSERT INTO role_permission_rule (role_permission_id, rule_id)
                VALUES (251005, 5);
                

                INSERT INTO role_permission_rule (role_permission_id, rule_id)
                VALUES (251006, 5);
                

                INSERT INTO role_permission_rule (role_permission_id, rule_id)
                VALUES (251007, 5);
                

                INSERT INTO role_permission_rule (role_permission_id, rule_id)
                VALUES (151101, 1);
                

                INSERT INTO role_permission_rule (role_permission_id, rule_id)
                VALUES (151102, 1);
                

                INSERT INTO role_permission_rule (role_permission_id, rule_id)
                VALUES (151103, 1);
                

                INSERT INTO role_permission_rule (role_permission_id, rule_id)
                VALUES (151104, 1);
                

                INSERT INTO role_permission_rule (role_permission_id, rule_id)
                VALUES (151105, 1);
                

                INSERT INTO role_permission_rule (role_permission_id, rule_id)
                VALUES (151106, 1);
                

                INSERT INTO role_permission_rule (role_permission_id, rule_id)
                VALUES (151107, 1);
                

                INSERT INTO role_permission_rule (role_permission_id, rule_id)
                VALUES (251101, 5);
                

                INSERT INTO role_permission_rule (role_permission_id, rule_id)
                VALUES (251102, 5);
                

                INSERT INTO role_permission_rule (role_permission_id, rule_id)
                VALUES (251103, 5);
                

                INSERT INTO role_permission_rule (role_permission_id, rule_id)
                VALUES (251104, 5);
                

                INSERT INTO role_permission_rule (role_permission_id, rule_id)
                VALUES (251105, 5);
                

                INSERT INTO role_permission_rule (role_permission_id, rule_id)
                VALUES (251106, 5);
                

                INSERT INTO role_permission_rule (role_permission_id, rule_id)
                VALUES (251107, 5);
                
